file,output,timestamp
.gradio\flagged\file\38a3a93327069eca9f8e\titanic_ dataset_final.csv," Here is the summary and insights based on the provided dataset:

1. The dataset contains 891 rows and 7 columns, with each column containing the same number of entries.

2. The 'Survived' variable has a mean value of 0.383838, indicating that slightly less than half of the passengers survived the sinking of the Titanic (approximately 38%).

3. The 'Pclass' variable ranges from 1 to 3, with a mean value of 2.308642. Higher values indicate higher-class passengers on the ship.

4. The 'Age' variable has a mean age of 29.699118 and a standard deviation of 14.526497, indicating a relatively young group of passengers but also a significant spread in ages.

5. The 'SibSp' (number of siblings/spouses aboard the ship) and 'Parch' (number of parents/children aboard the ship) variables have mean values of 0.523008 and 0.381594, respectively. Both indicate a relatively low average number of family members on board for the passengers.

6. The 'Fare' variable has a mean fare of 32.204208, with a standard deviation of 49.693429, indicating a wide range in ticket prices among the passengers.

7. The minimum values for all variables are as follows: 'PassengerId' is 1, 'Survived' is 0 (indicating non-survivors), 'Pclass' is 1, 'Age' is 0.420000, 'SibSp' and 'Parch' are both 0, and 'Fare' is 0.000000.

8. The median values for all variables except 'Survived' are as follows: 'Age' is 28.000000, 'SibSp' and 'Parch' are both 0.000000, and 'Fare' is 14.454200. The median Survived value cannot be calculated as it has an equal number of 0s and 1s.

9. The maximum values for all variables are as follows: 'PassengerId' is 891, 'Survived' is 1 (indicating survivors), 'Pclass' is 3, 'Age' is 80.000000, 'SibSp' and 'Parch' are both 8.000000, and 'Fare' is 512.329200.

Overall, this dataset appears to be well-balanced in terms of the number of survivors (approximately 38%) and non-survivors (62%). The majority of passengers were from the second-class, with a wide range in ages and fares. The average family size on board was small, with a low average number of siblings/spouses and parents/children per passenger.",2025-03-04 18:53:41.919775
